{
  "plans": [
    {
      "planId": 1,
      "planName": "Care Life Plan",
      "description": "The Care Life Plan safeguards you from unforeseen circumstances by providing instant coverage with no waiting period. Emergency services such as immediate ambulance, specialist consultation and complete assistance are its major features.",
      "baseAmt": 2500,
      "validity": 15,
      "id": "b69d"
    },
    {
      "planId": 2,
      "planName": "Good Health Plan",
      "description": "The Good Health Plan is our best selling plan. Facilities like Air Ambulance and Buy Now and Pay Later options make it a stand out in the industry.",
      "baseAmt": 2500,
      "validity": 30,
      "id": "75fd"
    }
  ],
  "bookings": [
    {
      "id": "39cf",
      "planId": 1,
      "planName": "Care Life Plan",
      "name": "Keerthika",
      "cardNumber": "120067008909",
      "city": "Thanjavur",
      "paymentMode": "credit card",
      "age": 21,
      "premiumAmt": 2500,
      "paymentFreq": "yearly",
      "validity": 15
    },
    {
      "id": "bb5a",
      "planId": 2,
      "planName": "Good Health Plan",
      "name": "Kavinthra",
      "cardNumber": "151456768765",
      "city": "Chennai",
      "paymentMode": "credit card",
      "age": 20,
      "premiumAmt": 2500,
      "paymentFreq": "yearly",
      "validity": 30
    }
  ]
}